reviewId,userName,userImage,content,score,thumbsUpCount,reviewCreatedVersion,at,replyContent,repliedAt,appVersion
53b5af03-9c0e-4334-beff-37846e78b29e,Mlungisi Zisongo,https://play-lh.googleusercontent.com/a-/ALV-UjUaFu1Fu8odDxIXFVPseZ5BTIZXTAcUEPbNCPBb16O0_dPC9h8V,best,5,0,15.7.1,2024-05-10 00:27:31,,,15.7.1
deaeb837-3b72-40bf-a3f0-d8cc0100b3f4,Jason,https://play-lh.googleusercontent.com/a/ACg8ocJuVJGJsut7agr8S7eTQiboqH5fNq7fIm1lfBxP0yQrPjK0pQ=mo,Mostly scammers. If they want you to use WhatsApp = scammer. Snap = pay to play. Instagram = looking for followers. Most of the people I see end up being outside of my distance preferences after I like their profile. Everyone is local until you match.,1,0,15.7.1,2024-05-10 00:03:26,,,15.7.1
12900440-8b13-447c-83da-7fe0a04c99f2,Bill F,https://play-lh.googleusercontent.com/a/ACg8ocKqCjk3fP-jRe4idir-IQCetInFN21lFLEgACNK3K3u_n9POw=mo,"So far, I only met with one of the matches. Others messages and matches have disappeared, and paying for it doesn't seem to help chances. I tried premium for a couple of days and not really getting any matches when I was getting likes and matches without paying what's the deal",2,0,15.7.1,2024-05-09 23:41:05,,,15.7.1
581f07ae-eacb-4b6b-82f0-51719f4f0bed,John A,https://play-lh.googleusercontent.com/a-/ALV-UjV1OR-nagnWLfjnFgeHlVPf7ccu0VSz6RmFwDQrJzQCC4hwd-4PyQ,"Likes don't seem to be sending. I see the same people multiple times and when I go to view ""likes sent"" it's empty. Delete account fails.",1,1,15.7.1,2024-05-09 23:22:20,,,15.7.1
4a2c271d-4b60-41dc-ab77-0ce3d53c75ed,Shaun S,https://play-lh.googleusercontent.com/a-/ALV-UjXVKJqoDExVSeq2k_SsmnBwu-JA76U2sPFRKKFuDbB-46B4s5gwrQ,"Damn someone really F'd up this time. Look at that rating just tank. Hello.... Developers.... we all HATE what you are doing to this app. 4/19/21, 5/9/24 Came back out of boredom. I'm sticking with 1 star.",1,369,15.7.1,2024-05-09 23:16:01,,,15.7.1
1f120177-54f8-47cc-acd4-16ac5560f5a2,Tahlee Lonebear,https://play-lh.googleusercontent.com/a-/ALV-UjVuOlym1oErNmIVfkzN6WZ0EHl7QKM4tUQ77K3Xk6amo4I95njv,It's just filled with girls advertising there onlyfans account and it's just annoying,1,0,15.7.1,2024-05-09 23:01:35,,,15.7.1
919454eb-aa4b-41ff-9512-ec24e3b8b5d6,Eight thousand,https://play-lh.googleusercontent.com/a-/ALV-UjWb7Ti_Y_phM31aCUA4YsaR_qkx7ivbQzvYZl4fD2NAIzd_KXeX,üëç,4,0,15.7.1,2024-05-09 22:58:25,,,15.7.1
b9bf2ef3-d420-46b3-9061-98d37b8d694d,Masahiro Yamada,https://play-lh.googleusercontent.com/a/ACg8ocLd1T8iIdC0v-dRMYPZFsrweVcnGSDsvOc7cYj3X40HqU-qxA=mo,"It's a scam. Tinder will Shadow ban you so your profile isn't visible but still take your money. When contacting them they say your account is fine but using a different sim-card to log in, it says you are banned. They just lie to keep you paying even though nobody can see your profile.",1,1,15.7.1,2024-05-09 22:46:53,,,15.7.1
c8d2fab2-1944-43b2-9bb1-cf456e2eb26a,Michael Wilson,https://play-lh.googleusercontent.com/a-/ALV-UjVW5gjN79DqiJ4iSACz1wvW87o487imhv1infE2l-6TO_mhiSyE,"HORRIBLE CUSTOMER SERVICE! Paid for Platinum, used about a month. No updates, I get logged out, and I can't recover my account even though I use the same email for everything, and they won't respond to help me out.",1,0,15.7.1,2024-05-09 22:40:46,,,15.7.1
ff34a2fc-b728-416f-998b-b135d93e4bea,James Dean Martin,https://play-lh.googleusercontent.com/a/ACg8ocLFlw7R68UMDMWmiAI8KgtvfOKUdpeIR_tNt6uvFfhsne9NZQ=mo,Not sure if tinder just hides my profile even though I've paid for gold. E.g. Spent 5 days in a major city and 0 likes. None of my recent matches reply. don't waste your money on this app,1,8,15.7.1,2024-05-09 22:29:56,,,15.7.1
4df4face-b696-431a-941b-7427c47e3e27,Sibongiseni Ngubane,https://play-lh.googleusercontent.com/a/ACg8ocLM1kMhra9Gv0v7ncTXSSckhuj6e-pccooIdbyhlV4reC9fDQ=mo,am a cool guy,1,0,15.7.1,2024-05-09 22:06:28,,,15.7.1
e369f8c7-255d-4d82-99e3-16b69a002675,brian onyango,https://play-lh.googleusercontent.com/a/ACg8ocK2ChkvMYQNE4x57tN4CekyxmAlS9PEtRUZdLo4oJRVR2vWwQ=mo,Just perfect,4,0,15.7.1,2024-05-09 21:45:46,,,15.7.1
1d09806a-3775-4739-a755-689f2cbc4622,Santiago Snipe,https://play-lh.googleusercontent.com/a/ACg8ocKc46hVoyVCZnEnsvX7c_EVt23kbilb0urA3Dljegey_Wyb7Q=mo,"I need help, the support doesn't have the answers I need, I can't verify the photo, I don't know why, I tried for 2 hours installing and uninstalling the App, changing the light, etc, I don't know what else to do, please, I need humans working on Tinder to answer my questions via Mail or chat, not a chat bot, Not a forum, I need a human. Thank you.",1,1,,2024-05-09 21:28:19,,,
2717c028-4c83-4261-823d-70195322fcae,Chris Akudo,https://play-lh.googleusercontent.com/a-/ALV-UjWoiGnEZSoXE3EyuWqGZW2Vjf-_dgR-r5yCQ-u2GYpWdbTdXbKQ,I match with someone we start talking next thing I know the chat disappears and it's always the good conversations that vanishes never the stupid ones,1,0,15.6.1,2024-05-09 21:22:47,,,15.6.1
53e3711a-9e6c-4208-abc4-fd0028923b3b,Sabrina Reyes,https://play-lh.googleusercontent.com/a/ACg8ocJMADTkSduMLthMyk07EpbvMOLDkZmb5JORABmGEogbxJEYZQ=mo,Stupid,1,0,15.7.1,2024-05-09 21:16:25,,,15.7.1
bc46e5b7-6ac3-428d-b6c8-6f86a5465407,xandrer,https://play-lh.googleusercontent.com/a-/ALV-UjU3QSlzcJHpj5cxhPIBlqYhV091qcAs-tYlomK2FwdiQV-Odspa,"Pay-to-match app. Visibility almost null, unless you pay. With the free version I got to see only passport mode, people only from other countries, even though this is possible to see only if you pay, which is strange as I have the free version",1,8,15.7.1,2024-05-09 21:14:00,,,15.7.1
25254620-c95b-4561-9ab8-d9bed4e12ab3,- Chev'Z,https://play-lh.googleusercontent.com/a-/ALV-UjUHgpBk9Jhc408_vH5-HqdDP6VttGeL4mmexSHWEyTdDb8hozVL,"I cant use my Tinder its saying error message 500, help!",2,0,15.7.1,2024-05-09 21:10:26,,,15.7.1
d6b05bcd-bf4d-4f96-be5e-41979e7de147,Vi·ªát Th·∫Øng Tr·∫ßn,https://play-lh.googleusercontent.com/a-/ALV-UjXDACEOLCzNYOP6vDxSsst7u0FOJU-YfEjcYK6wvHtemKLfd6gJ,Tinder banned my premium account with absolute zero explaination to it,1,2,12.6.0,2024-05-09 21:01:26,,,12.6.0
6628bbd0-69b6-4aa1-a248-bea64e8623de,cody,https://play-lh.googleusercontent.com/a/ACg8ocKyTAsc2SpNbi5ObnXdiaVLcOFdGJEyx83vwJ9EBnf2VeMJ=mo,You have to swipe left on all the profiles without a blue stamp with check mark cause they're 100% fake. All the top picks are there to waste your limited likes. You'll probably have to get platinum to find someone your speed and unsubcribe that month. The key is freedom to message.,2,0,15.7.1,2024-05-09 20:58:09,,,15.7.1
838ef447-093c-4a97-a5b6-9ff1ff017c2e,mark Caulker,https://play-lh.googleusercontent.com/a-/ALV-UjWP0Hii3PQFfGpTsEclmBenzJsUQgGKt2U-U-rDtkdqk2qta7B8,too many Tinder passport selections,1,0,15.7.1,2024-05-09 20:47:34,,,15.7.1
60e4b827-3333-419e-8c7c-93be3d12b2b8,S Abe,https://play-lh.googleusercontent.com/a/ACg8ocJySHY3b57JvCSpvKhDqkM2zJs2-0G5LgWsYGPteujhpok1Iw=mo,"Worse than it's ever been. Ought to be sued, audited, and broken up by government regulators.",1,0,15.7.1,2024-05-09 20:47:18,,,15.7.1
93f3682f-77a1-432c-8b80-caff6d60535b,Aminu Brefo,https://play-lh.googleusercontent.com/a-/ALV-UjVQ0INpGCHK2qVPxPvVemlHxdE0vah3cpxc9PvEWzF4UPUM4Yw,nice app,4,0,15.4.0,2024-05-09 20:39:42,,,15.4.0
5c5d5e78-d6cf-4b80-9514-f1fc64fda15d,Cory Warner,https://play-lh.googleusercontent.com/a-/ALV-UjXaCeydkked-5dpWx2n5fYse9Jk7bu8mLwX_6W25OCeWApvghHw,"This app It's absolutely horrible. It keeps sending me notification saying that I have matches, but when I go in there's no matches. It's just doing it, so I'll open the app. And then it can try to get me to buy the subscription.",1,0,15.7.1,2024-05-09 20:34:04,,,15.7.1
8c94c0c2-c654-46a6-a8c6-dc38ddbe4b6b,TAMIM TALUKDAR,https://play-lh.googleusercontent.com/a-/ALV-UjXxnO0ImadJJcz52UWMN9u05ZapTZFnvqa9sIhFQlHytNcrFp8,good,5,0,15.7.1,2024-05-09 20:27:20,,,15.7.1
3e1d7095-45cb-440d-bca3-0d7271fa3840,thahawam lab,https://play-lh.googleusercontent.com/a-/ALV-UjXQSAKCckL0KWWBYzVm34srK9-dxYMzXbe2BoRnpgcHxjSgUp6y,Worst app. Curse this app forever,1,0,14.24.3,2024-05-09 20:06:51,"Thank you for your comment. We're sorry you didn't enjoy your experience on Tinder. Your feedback is important to us, and we appreciate you taking the time to share your thoughts.",2024-01-07 05:07:45,14.24.3
47eab75e-0ba6-40bf-94aa-7f819ffc5202,Jacob Heinrichs,https://play-lh.googleusercontent.com/a/ACg8ocIsf3NsXSr72DfgLSmT8F7CIYHSr30V8mEHByEefL8syx96dg=mo,My account continuously fails to delete no matter what I do. This app is atrocious and a complete joke.,1,0,15.7.1,2024-05-09 19:45:58,,,15.7.1
8c105d8f-5e25-4ad0-a814-26fa45aad5f7,Harsh,https://play-lh.googleusercontent.com/a-/ALV-UjUDgkl_zQDeAS1zZzb_IAhkqoda6WSwLl2_RK0apIix9I7USjEzDQ,I want to delete my account but it's not allowing me. Says failed to delete account.,1,0,15.7.1,2024-05-09 19:43:22,,,15.7.1
60814b03-8e31-4c3b-8093-49e08528d934,Stephanie Lovely,https://play-lh.googleusercontent.com/a-/ALV-UjXp9GZPQKCJGRhBCDnu5jbyVg5eL0fT7fsVxpxVS23lIq3hJt5i,Why does my account keeping going under review? And ive tried the photo verification like 10 times and it's never gone through.,1,1,15.7.1,2024-05-09 19:40:01,,,15.7.1
7176037a-2d89-4a4b-9d2e-4c8da60211c8,Tamara 8,https://play-lh.googleusercontent.com/a/ACg8ocJluNsDu5gimMjVEiNN80WLSnVVft3pe7LX05U25K0jwAof8Q=mo,"Already verified my profile, already paid for subscription, everything was fine and all of sudden a request for me to verify my profile again because of "" recent suspicious activity"" ????? Asking me to verify that I'm human multiple times???? What's going on with this app????",1,1,,2024-05-09 19:32:56,,,
bf544ffd-0df7-4d96-8682-6bf37457a8d5,Bebit Celbin,https://play-lh.googleusercontent.com/a-/ALV-UjVwW-PZatGW7tlCFALCtVfYUxrIY4PH1Ra0eh9igsnY07eTjgY,Not for an upcoming person. Later.,1,0,,2024-05-09 19:28:47,,,
e1ad2009-b8d2-4f7d-9b95-81fb75c9b278,Prince Parmar,https://play-lh.googleusercontent.com/a/ACg8ocJOLez77TSHHcpx-DFPCVVZdGxkq8bNmkKrCvBVoIdHBwujkA=mo,great appreciation,5,0,15.7.1,2024-05-09 19:27:51,,,15.7.1
e2e6ab40-1480-4228-a078-0cff4ce9f594,elazory,https://play-lh.googleusercontent.com/a-/ALV-UjWZ3v3Ur2YyX7v44Dz05QucN6TZiF6yy9gUEeJLpnwuI9UNTWk5,"SCAM AND FAKE ACCOUNTZ THEY TAKE YOUR MONEY THEN RESTRIST YOUR ACCOUNT , GO FOR bumbel Scammers and bunch of hackers in this app., they banned me for no reason and refused to refund my money although I uploaded my ID many times and they just send robotic useless answers , don't use this app or pay money as they will restrict your account for no logic reasons . This app is a SCAM",1,1,,2024-05-09 19:19:34,,,
ae4ff5ac-0327-416a-8a40-28c9dae13a2a,Home House,https://play-lh.googleusercontent.com/a/ACg8ocLxwAujIWNawdGXp7qtBub44iOl8m8CyK_XBPuu_0AuES5Apw=mo,Sharp,5,0,15.7.1,2024-05-09 19:05:59,,,15.7.1
cf90c781-aca1-4afc-8f7a-18eae7d9d87f,Sanjay Vijayan. M,https://play-lh.googleusercontent.com/a-/ALV-UjXxSOoHqXCL5x6nHMb-YPCDb-ce5DInRZgKW5pKtvYXcvs7M8g,Very slow,1,0,15.7.1,2024-05-09 19:00:23,,,15.7.1
45bdad22-b740-4125-a331-0ec03b647193,The Real PughTube,https://play-lh.googleusercontent.com/a/ACg8ocIrXIKfQDY7G5kf8jWOQmTgJjjO9rgteHMJwvujqIf4DENER80=mo,"Absolute scam. You'll get 0 matches until your Gold runs out - then get about 18 likes that you can't see. Match with any of them, you won't get a reply. Resubscribe to Gold, 0 likes again. Ageist pricing - the older you are, the more you pay.",1,0,15.7.1,2024-05-09 18:59:34,,,15.7.1
69a9e77b-771c-4761-89b1-7e5714c03a90,Mel Knoll,https://play-lh.googleusercontent.com/a-/ALV-UjUWEI2mfwVKeE9SQTEDoZLNlBCYOQCZXoSf5GKwberKszOKTDE6,I am always polite and respectful and one use called me ugly all I said to her don't judge she blocks me and now I am banned sprrnk last month 1k on to get platinum and over 100 boosts and 500 supervises and now I lose every including my $$ and be banned for defending myself,1,1,15.7.1,2024-05-09 18:54:38,,,15.7.1
175b1f01-9399-483e-bb5a-cde32ec1b135,Tabitha Filingo,https://play-lh.googleusercontent.com/a-/ALV-UjXNhVAIV09Mid36Lyl5UGyMhLV-BdjuEFLZJoUEP8fQ-qwUUajF,I am making new friends here .,5,0,15.6.1,2024-05-09 18:42:27,,,15.6.1
92c0b6e0-6323-4cb9-9137-63d68ca7aed5,Marek Bulatek,https://play-lh.googleusercontent.com/a/ACg8ocJPS49O5B1RTaBk2cbc-2TbsQoWmjzvgmDdOOpAki79gdt4Sw=mo,Really bad,1,0,15.7.1,2024-05-09 18:42:17,,,15.7.1
51aba00d-44fd-4bfd-ab03-8ed49d90e701,raul tobar,https://play-lh.googleusercontent.com/a/ACg8ocKOoEDQKJN4_kvLbwz24UyCC-4xnatJzWICSme387-1WKSheQ=mo,"What a waste of time, no real women in there, fake profiles and ridiculous prices",1,0,15.7.1,2024-05-09 18:25:29,,,15.7.1
adae545f-1104-4839-903d-466ebd8a209f,Rudra Das NYS,https://play-lh.googleusercontent.com/a-/ALV-UjVJlPGNwt9on8YoZzCQQv0DSYGWDHjC4vsb8IjBXz9xIFLK6YrS,"Don't purchase packs on trial! This app is unauthorised! It will start auto pay by saying 91.60‚Çπ /wk. But would debit 2,199 ‚Çπ in the very first transaction saying it is for 6 months. Moment you realise before a week you don't want it anymore you can't get the balance (2107.40 ‚Çπ) back! Even after cancelling the Auto pay unlike other authorised apps.",1,0,15.7.1,2024-05-09 18:05:00,,,15.7.1
e68797ad-235c-487d-9648-3528224badb4,Jessa Mae,https://play-lh.googleusercontent.com/a/ACg8ocKJOwUGvM4pzhdYCqvg2rC2yRn5IHO3EdR-8ZXiSxgnlM3i5Q=mo,cute,4,0,,2024-05-09 18:00:44,,,
a0f284a9-5b92-46c9-a0f5-17a7303ac4e7,Kaye Shearer,https://play-lh.googleusercontent.com/a-/ALV-UjX51RfU7-Txjs3qwle1jAhYBSWmeBjJRUy3U-J5qOcJ_nudH-qX,still difficult to chat w/o a subscription.,3,0,15.7.1,2024-05-09 17:57:52,,,15.7.1
9bb6cc16-57cf-45f9-99fd-7fe65b3d4ae9,Sai Kumar,https://play-lh.googleusercontent.com/a-/ALV-UjUDhOwAjFkpO4xsIPJuHh3o6pieTf07zkH-XQkzyshgzxANvJAi2A,Worst app ever seen. My account is showing verification pending from last 6 hours and still not verified yet. And there no option to contact customer support.,1,0,,2024-05-09 17:56:26,,,
55c5f6df-1da7-4d68-8ccd-ca5d74eb8775,Jesse Magana,https://play-lh.googleusercontent.com/a-/ALV-UjXjL1K_FP1hteZy4pbt8I40-zGQwajJ212dul7ug8KYlv8NEupzMg,"Shows I received matches and messages, but when i go to reply, they disappear. Happend multiple times. I'm surprised there isn't a class action lawsuit against tinder",3,0,15.7.1,2024-05-09 17:56:23,,,15.7.1
9c4657ee-5a6d-483d-9f2b-c1d7cb2bdb23,sajib rana,https://play-lh.googleusercontent.com/a-/ALV-UjWdf3Rst-MFxAbqOeA-xR-zOQ9xUBeDt1XUjT_2eBatvSDy_eo,Very very good,5,0,,2024-05-09 17:54:11,,,
1f090237-1a77-4baf-ada2-db3a8db8487c,Nasim Khan,https://play-lh.googleusercontent.com/a-/ALV-UjU6YqX8NESyFACqrU2ZrMKwSmbPOYTmXiZxry5mMbDQv7r9jBTf,nice,5,0,15.7.1,2024-05-09 17:48:08,,,15.7.1
e1785905-e5cf-440c-a16a-954c1ea6ef46,Nicco Rawls,https://play-lh.googleusercontent.com/a/ACg8ocKrBI6jx3V3z74TiW7eeY7hKS3ONzp7cEqfeoDpC16Y8w6BrQ=mo,cool,5,0,15.7.1,2024-05-09 17:47:31,,,15.7.1
b0cc7e1b-b676-4165-aedd-30bab25dea40,JAMES MKN,https://play-lh.googleusercontent.com/a/ACg8ocJq614ox1S_HyQDL77M8gQwOMX1E45lTkEFmtA4MObDeg78IQ=mo,very nice app üëç,5,0,15.7.1,2024-05-09 17:37:51,,,15.7.1
415ea27a-4135-4a03-b198-ee538abf9e57,zahid Wanjohi (Engineer),https://play-lh.googleusercontent.com/a-/ALV-UjVCD8D89LPgv36G7kMFLqvWXSpU0BAoE3YS7HkLNWwX_c-0jc83,best app,5,0,15.7.1,2024-05-09 17:25:05,,,15.7.1
8ae6c17c-390d-485a-984d-5c2c3977889f,Julio Perez,https://play-lh.googleusercontent.com/a/ACg8ocLb0s77AMHT0hidO0d4xCh7jmMYlz2i3lM2BXR_UYvpyltrag=mo,App is broken. Likes don't register and when I close the app and reopen the stack shows me the exact same people I just swiped on 4 min ago as If I never swiped. I can swipe 100+ people and continue swiping without ever running out but none ever register as a swipe. Heart container empties after first swipe as if I ran out but can keep going.,1,1,15.7.1,2024-05-09 17:24:11,,,15.7.1
7f6c2753-1394-4eda-96af-ea1666b2ee0e,Sanjeev Singh,https://play-lh.googleusercontent.com/a/ACg8ocL3chZ-JfmwgoHCHGYi_-j9nHhxLjfHyMSlNkWQs5Dy2l9ntg=mo,good,4,0,15.7.1,2024-05-09 17:16:25,,,15.7.1
adb1610f-4900-4b89-a76b-fbe33f60125e,Vijay Sutar,https://play-lh.googleusercontent.com/a-/ALV-UjUYBkVxpvICkevq5Nrf2pV-KWNjxm9xAXormzzCJBncTCLvlLfY,it's very expensive subscription..,5,0,14.24.3,2024-05-09 17:14:43,,,14.24.3
2a307e8d-2d42-403a-bc7e-b9a877c650e2,Pramod Budania,https://play-lh.googleusercontent.com/a/ACg8ocJ7VBoxGwDAWYWptg4ud2PErogEzuqXqAyU6prociLWdU674PU=mo,Zero,1,0,,2024-05-09 17:10:37,,,
764ebd1d-dba3-48b2-b3d7-058cda6d38e1,Driss Hs,https://play-lh.googleusercontent.com/a/ACg8ocIuCqIeRQF8Szl1xlJ-0AtDm3fAEzIVzHZAO0jLsDC5xmSUxQ=mo,Is it just me or the app is full with profiles containing Ai pictures either of dogs or nature ?,3,0,15.7.1,2024-05-09 17:01:06,,,15.7.1
408e23e0-3f1a-4442-bdc7-6a5cf94ecc6b,Thicci,https://play-lh.googleusercontent.com/a-/ALV-UjXxAUHeF11GxZETxU-VPmxjY5Y72OzRxW1_5NYcAJ1ZBnsPKkk,"They will shadowban you for no reason, do not give money to this greedy corporation",1,0,15.7.1,2024-05-09 16:55:38,,,15.7.1
c040222e-ccb0-40c6-89a4-188eaf19c4eb,Nay Thit Khant,https://play-lh.googleusercontent.com/a/ACg8ocIxxBo4IUpl6IzvKCqqS0xOucYndXVPv3FkU39xgbndAc5CuA=mo,nice app,5,0,15.7.1,2024-05-09 16:35:45,,,15.7.1
c985d85b-b8c7-4c41-ac64-b1bbffe59e3c,Hristian Stoianov,https://play-lh.googleusercontent.com/a/ACg8ocI7T_uHVcTXlf5bSYMpbtq-7HGszViVjjEAohAOgsul3gdhRg=mo,Best,5,0,15.7.1,2024-05-09 16:31:51,,,15.7.1
1f424769-a069-460e-aef9-25cf6aed31a5,S B,https://play-lh.googleusercontent.com/a/ACg8ocJHiOC55ryD4nH93MIM93KoccksXkjYj34id8OGQ3oM3o7jew7S=mo,outstanding work of connecting people,5,0,15.7.1,2024-05-09 16:08:42,,,15.7.1
0661b151-1bbd-45c6-b69d-23a62a502e48,Monu Kumar,https://play-lh.googleusercontent.com/a-/ALV-UjV_8Tah4A77_o8v1qJgl5opq4CPRO_olV_nZz2H6Arx1r1I0xh9,very nice üëå,3,0,15.7.1,2024-05-09 16:03:08,,,15.7.1
952981c8-520a-4936-a614-53be69943f01,Makori Ogoro,https://play-lh.googleusercontent.com/a/ACg8ocKMIQW6qyYadXNgHQh_fhM7_duZC2PSmxC4_uELtn4C9ugpnA=mo,good,4,0,15.7.1,2024-05-09 15:59:49,,,15.7.1
8022c13c-afd7-49e9-909a-3ae216ee56a0,Rohit Rao,https://play-lh.googleusercontent.com/a/ACg8ocLR9FY2wlNmvpYWAWq29PaEHiAylrYxlK9RqzX7RaCOJE442A=mo,There is no matching in this app and No matching i am not getting anything in this app,1,0,15.7.1,2024-05-09 15:55:38,,,15.7.1
13f77ced-7379-4553-945e-74609aad5c97,NightGuard101,https://play-lh.googleusercontent.com/a-/ALV-UjUuI-A5FYWEEu122Y5sU7q-iznbpS_SAmzWlOtCg-NxMABmTZ4,Went to log in and now they banned my account for no reason. Haven't had any issues for 3 years and now this,1,1,14.5.0,2024-05-09 15:51:08,,,14.5.0
f9222efd-c3bd-46ce-b400-1a563dc1a13b,Hussey !,https://play-lh.googleusercontent.com/a-/ALV-UjWfuOshp6VE2Sb38cCHaKZ7FnY_Nwnzbta7oExbNMgUNNwCu4qU,"Never buy premium accounts or paid accounts, They don't have enough profiles to swipe. After taking money they will say no matches available after few swipes. Pathetic, I recharged with premium and I regret now.",1,0,15.7.1,2024-05-09 15:39:13,,,15.7.1
2405c0a8-56dc-42ea-9e3a-6b357fe15136,Rock Paper,https://play-lh.googleusercontent.com/a/ACg8ocJ9QSnyaAeKFPegxcHdQV8CtemyHBp37MmMOLOrkHrmd-8Img=mo,Technical support is a joke and account locks up.,1,1,,2024-05-09 15:36:34,,,
7fc52138-a4ab-4d3e-aae5-c3fbfe1cca19,Suraj Yadav,https://play-lh.googleusercontent.com/a-/ALV-UjUTzaYtiSrJ1D4xdnL668OHLTYueRcOdk8OLIDT6XcT_f_lncI0,rare matches found,1,0,15.7.1,2024-05-09 15:34:06,,,15.7.1
988e25ce-52ba-4fa6-8549-0fd2cab8ff99,ijas_ ibru,https://play-lh.googleusercontent.com/a-/ALV-UjVVWKKsWmCE317eylM_md-1owCBv_tH_ORI4MSCO2Pd8M3oYdVl,better for the find to partner,4,0,15.7.1,2024-05-09 15:27:01,,,15.7.1
90bd4254-11bf-41cb-a5e0-015e7015aa58,Angelo D,https://play-lh.googleusercontent.com/a/ACg8ocKf5HErmoY_OdxjtS6mZMsonv-bytFL9TvO2EkCA-TeZfA33w=mo,I cannot say enough bad things about their customer service practices and indiscriminate banning of seemingly random profiles. They will continue to charge you after deleting your account and you will NEVER talk to a real person or be able to get a fair appeal. They have an automated system that responds to your emails based on keywords in your query. They do not have your best interests at heart. It's all about their bottom line,1,2,10.21.0,2024-05-09 15:09:12,,,10.21.0
1f492ca5-0fdc-47fb-9822-bd95b603e455,David Moroz,https://play-lh.googleusercontent.com/a-/ALV-UjVaWnSNzkPcqySxkKv3MfIto11b5ov9cnXW-ykmQfxrcG9HIBqL,"This app is what's wrong with modern society. Build to keep you there and charge as much as it's possible, with terrible interactions in general. You might find someone there at some point, but it's a gigant waste of time. Just go out and talk with people, don't waste your time on this app.",1,1,15.7.1,2024-05-09 15:08:18,,,15.7.1
74ee9b07-a832-449d-bb92-6d07ab6ddeda,Op Gamer,https://play-lh.googleusercontent.com/a-/ALV-UjWYhiu4bV95JR4dJh8w0jOW7zjCUekvuV5b_JDyYdrNqNAxh2qC,great üëçüèø,5,0,15.7.1,2024-05-09 14:43:16,,,15.7.1
84211a85-37ce-4469-b143-e4952a570430,Eduardo Alves,https://play-lh.googleusercontent.com/a/ACg8ocKzD3P1_AnRpW-a2FNWJ-YkxHllCBuseq0ENVHB4jScY9McR4o=mo,"Deu muito trabalho, mas consegui encontrar finalmente minha gatinha l√° no Tinder. Junto com um superlike e uma piada cretina. Depois foi s√≥ chamar no whatsapp, colocar uma voz de programa rom√¢ntico ao som de Careless whisper, e quando menos imaginei, j√° tava namorando. Obrigado Tinder, nos demais apps eu s√≥ dava match com traveco (nada contra).",5,0,15.7.1,2024-05-09 14:33:27,,,15.7.1
aeacbb5e-b0da-4561-bc15-d5d2418c9240,Mwanga Filipo,https://play-lh.googleusercontent.com/a/ACg8ocKjc8DkT16tCBhYE0OTkzIk-9uHaJTgafjTS_mQ27GzAmHaUw=mo,new man,4,0,15.7.1,2024-05-09 14:32:23,,,15.7.1
4d05f8e9-f095-4bd0-bad2-68ee78f470a8,Kurohaku,https://play-lh.googleusercontent.com/a-/ALV-UjV2giOlAMiS68OI_b0CjJUSRCWVm9hgkNftjvVNn7Gk4jnskwXW,"Damn I lost my account when changing device, when log in with my number it go to register page.. When I try at my old phone it doing the same. Try to calling the support team but they doesnt try to help with not answering my email...",1,0,15.7.1,2024-05-09 14:15:12,,,15.7.1
6367dc93-94cb-4044-add5-6ead3fb631fd,Rocky Martin,https://play-lh.googleusercontent.com/a-/ALV-UjXqDADY_EFochckkOewum6EYVbPM12plG-aOvevp1BoAA4AaHU,Not happy,1,0,15.7.1,2024-05-09 14:11:48,,,15.7.1
ee65d5af-af2b-47d5-b848-446679c796c2,Ian Mutinda,https://play-lh.googleusercontent.com/a-/ALV-UjVYXsGcPsRyztTs2FmVXXFnlq75sVmGlOJst7t0VrOTAQdu6Wk,How long does it take for account review because it's been a day since it showed that .....I can't access my account for chatting it keeps me off by saying it will only take a few minutes,4,2,15.7.1,2024-05-09 14:06:49,,,15.7.1
67da6756-87c0-4e7e-a17b-997b5a07d6fa,Kagiso Sandra,https://play-lh.googleusercontent.com/a/ACg8ocIN8gQyCDmBs2aBdMwpBEnqamO4MWNVrrffdwbMPeagQE-OxQ=mo,I've been downloading this app but I can't find it on my phone üôÑüôÑ,1,0,,2024-05-09 14:01:37,,,
60146287-1827-4375-a00a-343c08f4c95b,Bir Vatanda≈ü,https://play-lh.googleusercontent.com/a-/ALV-UjV_kwQiO2a3W3nBMB53zW8rEUwQTArspB4FrZx6sHBdqTGKHzqf,√áok fazla fake profil var.,1,0,14.24.3,2024-05-09 13:50:27,,,14.24.3
a1232344-9a26-4b9a-ac14-191fcc135ab9,Lenah Chabeli (MIONA),https://play-lh.googleusercontent.com/a-/ALV-UjWsSBmgpwhnccUXugoFW0ti2VjZ3vjdom616-W3oAwXfzut0yBL,Very Impressive ü•∞,4,0,15.7.1,2024-05-09 13:35:59,,,15.7.1
59d2c695-c78d-49be-b436-c538c5f4ea5b,Kyle Seconds,https://play-lh.googleusercontent.com/a/ACg8ocKaO8hAfHEbUW-bWDJXXPScG_3O3GPq9_e1Wg2M1Z8qx3Unhg=mo,"2 stars cause.. Too many ""Trans""",2,0,15.7.1,2024-05-09 13:35:11,,,15.7.1
5c489c60-ec3d-4d0a-85a3-cd7da2b2296f,Kyle Javels,https://play-lh.googleusercontent.com/a/ACg8ocIjygPu7lmHX36lEYqdHTHPyV2C4t3YDOFDrTwxC9ziioCRe_k=mo,I can't even meet any women for dates... I asked one of the ladies out on a date but they never responded. I gave all the women that i like all the likes and super likes but they don't seem to care about it. I'm not sure if the women in tinder are real or just bots... Deleted account and Uninstalled... sigh,1,0,,2024-05-09 13:30:33,,,
24eb1d9d-9f58-4584-a040-06fb625c2e09,Etienne Ryno Boshoff,https://play-lh.googleusercontent.com/a/ACg8ocK0OnfJyx2QILk95YTU3oPnKjOyw_QmbXKC32WFzxsHQrX28A=mo,Please advise where is the cancell subscribtion tab?,1,0,15.7.1,2024-05-09 13:17:00,,,15.7.1
492e7465-b360-4d25-8472-80a6e38caa3e,Dillon Hollinger,https://play-lh.googleusercontent.com/a/ACg8ocIIu2ilSd2vu1PzOGmwdvfCmmzwbWit94yGRaAJcHBfN6GfbQ=mo,"I like the app, but super likes cost money, and the whole point is to start the conversation. Every time I super like someone and start to type the message, it bugs out. It takes the super like away but doesn't send the message. As far as I can tell, there isn't any customer support to assist with the problem. If this is resolved, I would give 5 stars!",3,0,15.7.1,2024-05-09 12:51:38,,,15.7.1
3c89fef2-5d4a-4b96-aff4-7c5bb4e01d58,atin farmanli,https://play-lh.googleusercontent.com/a-/ALV-UjXK5dx-9-m-OMDUdTePN7MC0PilNMIPmJmvZh5Y4UufVFbkprEP,Due to lots of bot accounts its impossible to use the app,1,0,,2024-05-09 12:45:15,,,
a238ca5b-e541-42d7-851f-261d3dc64775,Dorcas Watson,https://play-lh.googleusercontent.com/a-/ALV-UjWduJPMpOwZ6xIjfT2qHwlloOrTDLxe_h-ZCo5JQnCPdTX-o7rY3w,Most of the men had deceiving profiles,4,0,15.7.1,2024-05-09 12:31:51,,,15.7.1
619e47d9-add8-4cd3-995e-8b357cf2fda0,Iaroslav Bashtanar,https://play-lh.googleusercontent.com/a-/ALV-UjVa0jq7P1loxBWBgyUbsV5s55-ABFamQ9JcgvMMMXF_BLPRPhf5,"Got BANNED. Why? I don't know. After I met wonderful people and paid for gold, I got banned in the middle of the day! I didn't spam, and there was no sexual content. I received no warning. Even if I accidentally violated something, why didn't you give me a warning first?",1,2,,2024-05-09 12:29:49,,,
7bf6e74d-d37c-4cfe-a7ea-d72fea92c3ea,Srdjan,https://play-lh.googleusercontent.com/a/ACg8ocL4UUK3PhqZR4CEWux0avLPjgTzJtJwYD3DEkZrNFJvwnLGOQ=mo,"Shadowbanned for no reason, support keeps gaslighting me that I'm not, awful experience overall",1,3,15.7.1,2024-05-09 12:11:33,,,15.7.1
8284df10-55fa-4c54-9f61-81e6753f0263,Big Bad Radical Brad,https://play-lh.googleusercontent.com/a-/ALV-UjWO1ximAfrWYuaueVHDjmwv4kbHhyzn7FSAu-yx07D6dTqQVm4,Purchasing Tinder+ doesn't allow you to view who liked you. It's a complete rip off. I also think the price is too high for Tinder gold.,2,0,15.8.1,2024-05-09 11:52:47,"Thank you for your comment. We're sorry you didn't enjoy your experience on Tinder. Your feedback is important to us, and we appreciate you taking the time to share your thoughts.",2024-03-03 03:17:03,15.8.1
4e097bd3-0b4e-4cd0-9a82-ed88399880fc,Arpit Srivastava,https://play-lh.googleusercontent.com/a/ACg8ocJSjtz3vSwQXukbcxt63u6kw7WBLybR3Hk7Er1etATvKlG0Iw=mo,that' good üëçüèª,5,0,15.7.1,2024-05-09 11:35:20,,,15.7.1
f44228bd-3218-49b2-89c8-542149656b06,sai ssahi,https://play-lh.googleusercontent.com/a-/ALV-UjUqVupmeE9SzLmp8lpny89oRUvr7liaQYQiQpa9X9W121ZvQYzjPQ,"hello, whats wrong with this app actually? before that i dont have any problem to open it but then i cannot open it anymore?? this apps stuck at the logo .. please fix this thing!!",1,0,15.7.1,2024-05-09 11:24:55,,,15.7.1
b29aa1a2-5a2c-40ad-95ea-6043728788f0,Ranko Matejiƒá,https://play-lh.googleusercontent.com/a/ACg8ocIDssrnDqrJLEtccXuALOPCQnjObKtSf_hXPhLjlOnbygKhzw=mo,"Banned without any reason ( probb ghost banned ), I don't know when will Tinder start helping people get their accounts back.",1,1,15.7.1,2024-05-09 11:21:19,,,15.7.1
4523b9a2-794e-49e6-9edc-69b035b354bd,Jamal Halabi,https://play-lh.googleusercontent.com/a-/ALV-UjXolVIjM1TrosODTn9dZFSVX6gAf0c3rS0CYK5stULGXZBN_FUf8A,Thief's they make purchase one to purchase more. I dont recomend many fake users,1,0,15.7.1,2024-05-09 11:15:35,,,15.7.1
57915268-8ee6-41d7-a4d1-ba80c3f2e5a7,Derek Santiago,https://play-lh.googleusercontent.com/a-/ALV-UjWvBwfIWVUowchYwwAtGCwNweqsjBQvQRw7gnVT2RLtTLYJQ3I,"I recently reactivated my account and even paid a gold subscription. Yesterday in the morning I got asked to verify my identity (when I was already verified) just because I updated mi photos and bio. Since then, my account has been put ""under review"" without any updates. I've been trying to reach their support center, but I'm not getting any response whatsoever",1,1,15.8.1,2024-05-09 10:56:28,,,15.8.1
099970e1-f3d2-4d3e-baf8-7c0166439557,Mike Wagner,https://play-lh.googleusercontent.com/a-/ALV-UjWu0qX-U5Pv-fBTQDjjxUUeg_WCyCD06w7EVDvv7UMXMpfjOrAu,As of yesterday i was logged out and I'm stuck in a perpetual loop where despite entering my phone number it takes me right back to the phone number entry (for verification) and won't proceed.,1,0,15.7.1,2024-05-09 10:17:13,,,15.7.1
d62dfc49-1086-4cc9-8afb-39011935bed0,shariful islam,https://play-lh.googleusercontent.com/a-/ALV-UjXiNb42drxS_UAFjMpoWnjAMFEf7o0bOgtVvAhhtz7bRMIGVukJSA,very helpful,5,0,15.7.1,2024-05-09 10:17:00,,,15.7.1
915c1093-94eb-4474-916c-533a208312b9,Josephine Charms,https://play-lh.googleusercontent.com/a-/ALV-UjVXM1zMbuYcdAkb4MypsaUEOsyJowouNMPRtXOp5Mo2eIOcN40,"I got banned idk why. Well I don't really care cause this apps too much pervert n weird ppl. but I hope you deleted all my profile, pic etc cause i cant log in anymore.",1,0,15.7.1,2024-05-09 10:09:00,,,15.7.1
795aefdf-e990-4f64-bfdc-b659caac504c,Youn Knka,https://play-lh.googleusercontent.com/a/ACg8ocJcAOoU5D2JJ-g7CzjSd7QCRv9D2WnOl4_iK44ZPbiYqHEVNw=mo,nice,5,0,15.7.1,2024-05-09 09:53:04,,,15.7.1
3c97f999-5e91-4f92-85d1-811ac1c97ae1,smurgle darf,https://play-lh.googleusercontent.com/a-/ALV-UjXmDD9rRbRb5EzIYL_rq1_t-xyyUfb9IrNA7Q0Bq8o_ttwCuUg,"I am basing this review off of my swipe data which I have received from Tinder. My matches per like percentage is BELOW 1%. This app is less than useless, and if the official account replies to this review I will take it as a tacit agreement to refund all purchases I have made over my 4 years of using the app.",1,29,15.7.1,2024-05-09 09:47:48,,,15.7.1
c9266cf9-4d62-421e-8c7e-75442e9e0575,David Hill (BlackLion94),https://play-lh.googleusercontent.com/a-/ALV-UjW_Krm0hG6b5iwdTfc73f5m8KxCx9yIiog24xtGbugVfnBkASTj,"Bans your profile and doesn't even bother to tell you why it was banned. And no, saying ""goes against our terms and conditions"" is not specific enough",1,1,14.9.0,2024-05-09 09:41:18,,,14.9.0
840a383b-bead-47cf-b5dd-5869f0c0468e,Mary Nickson,https://play-lh.googleusercontent.com/a/ACg8ocLcXqHloCiiCsohhUtJR8_eiUTZEqqONH7xa0E8gCoRgEywOw=mo,nice being here,5,0,,2024-05-09 09:32:53,,,
c306bc62-e6f2-4c5a-a65b-20220a987870,JAY BHANGE,https://play-lh.googleusercontent.com/a/ACg8ocKAM5bmfCeRTJ81VhyE154qS6B7Qwfho1vbKCSr1qjqZKkyxA=mo,nice,5,0,15.7.1,2024-05-09 09:24:12,,,15.7.1
d3bb9ccf-7f60-4646-b2ce-dc4f492b5dd2,vaishnavi reddy,https://play-lh.googleusercontent.com/a-/ALV-UjXvsBj5Iz73smzZQykJPSHL6nDA6XCjaCQbh2Nfo4SJc05D7iSf,Need help my messages are not being sent and I keep seeing the same profiles again and again. I am unable to fix it and now it shows failed to delete too.,1,0,15.7.1,2024-05-09 09:20:03,,,15.7.1
61975d38-e58c-4650-b6eb-4c76fee9e496,Andy,https://play-lh.googleusercontent.com/a-/ALV-UjXmBG7uWFRmQqY61jKjPgk06HMvcihVVp6Em40R2FuGkc9ITtPpCA,"(Day 24 - uninstalled and using bumble) After the latest update I get the same people, no matches, likes are empty, can't get into the profiles and all my matches and messages are marked as unread even though they've been read.",1,7,15.7.1,2024-05-09 08:43:31,,,15.7.1
e22607f6-d2dc-483f-b3fb-1b45ebf9a4cf,KhaLi KhoPdi SetaNi DimaGh,https://play-lh.googleusercontent.com/a-/ALV-UjUX2qbGDzHE0mb9LxXr2SIAWZ_QBEjURdt9IK654c6F0yfW4Ig,I have paid 210 but still premium not active,1,0,15.7.1,2024-05-09 08:39:29,,,15.7.1
113d7ad2-2a9b-4d65-8945-da1b95e39499,Naveen G,https://play-lh.googleusercontent.com/a-/ALV-UjVJkr5-xwV1CF9WwjOMHTDcmb6zDf1t0RNTtfbFexiOtxbWgVsO,"I bought a gold membership 2 days ago but yesterday i accidentally deleted Tinder and when I installedit again, my membershipwas gone and all the methods given to recover is not working. You guys looted me. So annoying and pathetic.",1,0,15.7.1,2024-05-09 08:20:33,,,15.7.1
4ea15ce9-7c4c-42ca-bc93-05c236f0ed48,Nana Nancy,https://play-lh.googleusercontent.com/a/ACg8ocKG7NuIQJiYE2X-mFb-0RVyljvurFBqJJCa8P6HGXJAqiQVrg=mo,I am really enjoying my stay here on tinder,5,1,15.7.1,2024-05-09 08:18:25,,,15.7.1
78daa129-9019-41d4-87ab-c3279589163d,Allan Sinclair,https://play-lh.googleusercontent.com/a-/ALV-UjVmh3ni7bKkuhDr_q7sbGJtyjZbWumA-JsacbZtsYmsqKplpNI,"Look at it time to time, 2yrs. Zero matches. 50% fakes, empty profiles w no photos just random pics, 40% prostitutes, escorts advertising, the rest are smoking, drinking, single moms, lying 5-10yrs off their age, filtered to the max. 100% better chance to find someone in person. And you get nonstop offers to pay. Pay for what? Lmao!",1,0,,2024-05-09 08:17:52,,,
5e782f1f-dce1-48d1-94a6-91538324dbc8,Henry Crockett,https://play-lh.googleusercontent.com/a/ACg8ocKlzdhqwEXIax_nXr1mB3PTfBbjElxXMP1pOR4RH8GsMarb1w=mo,Pay to talk and if you pay for a better service it glitches out and you spend half the time trying prove your real while your screwed for paying for a service you can't use,2,0,15.7.1,2024-05-09 08:09:58,,,15.7.1
0bddb9f5-5d1f-4f99-b0a0-9326e09684a6,Lee Cottrill,https://play-lh.googleusercontent.com/a/ACg8ocI8jdA8w4MGceNlAPBsqUhcdSPkvW0LTdoA5pzwjI8vuC2R6Q=mo,I can't get pass uploading pics,1,0,15.7.1,2024-05-09 08:08:27,,,15.7.1
bf1b71fe-79a5-451d-9a1b-5accaffbe58c,sergio F. T,https://play-lh.googleusercontent.com/a/ACg8ocID5N_VeBpKdM8DbTRwqcCKHX0PdUqJrNzdtg1S_cnxM-HWuw=mo,"I tried the platinum version, and weird enough to find so many matches that never responded to my messages. Fake accounts to keep your interest on.",1,0,4.1.1,2024-05-09 08:02:43,,,4.1.1
ce5a5791-a4e3-430d-ad4f-add3272eab43,Graca Mwakati,https://play-lh.googleusercontent.com/a-/ALV-UjXHj3Wv24oOU2NU7OoD0sCMdFBWiSbaqVg9U0HWGUKsYMrJeEE,"Am also having the same issues... Am receiving messages but when I click on messages, my profile is under review... I create new account... For months am not getting any messages.. tinder is acting like scammers",1,0,,2024-05-09 07:56:52,,,
5ebb25c2-ee92-48c5-aa7e-45d96e68c2ca,JOHNBAPTIST MT,https://play-lh.googleusercontent.com/a-/ALV-UjXsSXwGO5jyno_05pzjLA65cyDptXbez5YGcKiOViQXjfFw-s8,The app is good. I give 5 üåü,5,0,15.7.1,2024-05-09 07:45:12,,,15.7.1
37d11e28-20e1-4e86-8f22-90cc82498a14,Keshav Jain,https://play-lh.googleusercontent.com/a/ACg8ocJDXqaXCkhCvFD5TDmcIeVMRCBoZa8hZyn9J42m409wkFH9VA=mo,good app,5,0,15.7.1,2024-05-09 07:34:31,,,15.7.1
fb77723a-7ad5-4617-b740-ce5177bc95d2,Tristen Satter,https://play-lh.googleusercontent.com/a-/ALV-UjVrj7QqWYYqnT0a2Xrok5LDc-MN_SUIf_fATgwhw1EpPEGYq_IT,"Somehow, not the worst dating app put is like the bottom 8 due to all the paywalls",2,0,15.7.1,2024-05-09 07:25:40,,,15.7.1
36c2e70a-bdd6-40d6-91fe-4072921a6e95,Kristion Ward,https://play-lh.googleusercontent.com/a/ACg8ocL5knCblb1xyffc5QvssVgoVTO-s97UrjNfBtq4q4CLJCN-TQ=mo,It not letting me log in I need it fixed asap,1,0,,2024-05-09 07:03:05,,,
53809f32-afae-4bca-8fa8-9c2ab25064f0,Siddharth Singh,https://play-lh.googleusercontent.com/a-/ALV-UjVpGyfnCdNY-TsXSLZo7YEjxy1cVGwqMX8QDFHx6O9661A0qNI,"All PAID non-sense app nowadays. These matchmaking apps require a upfront payment and then they already match you with BOT users who have uneven or illogical names. I can't even imagine someone being named as ""SHIEN"" üòÇ. Once upon a time it used to be good, now it is just paid.",1,2,10.16.0,2024-05-09 06:49:26,,,10.16.0
e3ba7331-d0fe-4961-bfb3-7f9d758e1f30,Sweety Saikia,https://play-lh.googleusercontent.com/a-/ALV-UjWgqDNpiEXMZdfcGnwOiPWZ8olYYBoaj9D3pNNsk-SmCQ4CJRY,Worst experience,1,0,,2024-05-09 06:44:10,,,
ae7ac769-060c-4902-ac07-137f363f30c6,Stevy Cleo,https://play-lh.googleusercontent.com/a/ACg8ocKFG7P0VNg_ZTO52lrEUkGFCPV3Q__OD5JDbLZ8iRpkKtCSfQ=mo,Awesome App Hope Can find My Future Husband,5,0,15.7.1,2024-05-09 06:41:00,,,15.7.1
39c2172d-5395-4969-88fe-07d46b49b2de,Immy Peyton,https://play-lh.googleusercontent.com/a/ACg8ocKT6aBDv_VvpRBly8bBKXAxCgXeFca7pT07bUTxbtys2P5o-g=mo,Its no longer working on my phne like before n dnt have matches,5,0,15.7.1,2024-05-09 06:38:49,,,15.7.1
6c05b090-8833-4a2b-8a83-f8a42e2f9456,Travion Jackson,https://play-lh.googleusercontent.com/a/ACg8ocJd25BndDJJRcrGvz767gi4GLeFLh2g7BVXnSbHCa5iz3TQ7A=mo,Bs app,1,1,12.13.0,2024-05-09 06:22:36,,,12.13.0
73ab56ce-a2b5-4487-a5f6-6981a428039c,A Jay,https://play-lh.googleusercontent.com/a/ACg8ocIQRL5WOjTDCrQFt_E4PxFxWWJngJ98V2mjcaoEBGSWQu7H3g=mo,"I got logged out of the app without explanation, and when I logged back in, my account was, ""under review,"" also without any explanation. It took 12 hours for Tinder to verify my photos to get my account back. I've tried multiple times to do that since I joined, but each time, the blue check mark disappeared. Several people thought I unmatched because I disappeared from their inbox. I thought it was really weird that I stopped getting messages simultaneously from three different people.",2,1,15.7.1,2024-05-09 05:58:25,,,15.7.1
255f1160-df44-487c-b18c-3dbe154b7902,Miller Val433,https://play-lh.googleusercontent.com/a-/ALV-UjURl9qjCC2M5ZVfclWlOejHmCDwSX9bvb30KWUgkrK4qZ_wsik,"I thought subscriptions is based on approval, why are taking money from my wallet without my approval, I'll only receive a massage that money has been taken off from my wallet, is this how it supposed to be?",2,0,15.6.1,2024-05-09 05:39:55,,,15.6.1
184cc0b0-77ce-4a7f-a90f-47a9947e0d3c,p m,https://play-lh.googleusercontent.com/a-/ALV-UjUgblhAwjjki80XwvgPXZU5QhoWcXGEdNGmwyFd8jFFP9jeB-O2,These dating apps are scammed and so bad for humanity,1,0,10.17.0,2024-05-09 05:13:22,,,10.17.0
66a1129d-c7e2-4f4f-be0b-501cff386654,Brigette Macadangdang,https://play-lh.googleusercontent.com/a-/ALV-UjVeLDrsaJgrwXmd2G64r8zpLoLqa37w-vaJ5BURqpfkV7fZZkM,"Ive been satisfied with the app. Its easy to interact and match with people but unfortunately there's a bug. The app required me to a face verification and i did, but its been 3 days its still processing. I can't even use the app. And for the next update i hope that you're add edit or unsent messages",3,0,15.7.1,2024-05-09 04:56:00,,,15.7.1
ecdf78ab-6fd9-4333-958c-b78bade82051,Blessing Anusi,https://play-lh.googleusercontent.com/a/ACg8ocJSz8Sj8xl_-2j-8qfH6RVHtalC_GhvQl9Fr-XnpKiToJ-ypg=mo,Why tinder keep on stopping on my phone finding it hard to open I have uninstalled and stalled back several times yet it keeps on disturbing,1,0,,2024-05-09 04:51:13,,,
16af6138-f92a-4e3d-b7a4-83c5ce0a936f,Coach Kaali,https://play-lh.googleusercontent.com/a-/ALV-UjXSfVMdItOlmpsU8JdGzEOh57-BwCsxIuPeECKvfVXk6NU7JzYE,"This getting sucks. After install the screen said thank you, your account under review. Won't take long, and you have time for snacks. It's almost a year since then",1,2,15.7.1,2024-05-09 04:36:24,,,15.7.1
617bfeda-3cfb-43fe-b95e-5f50609d2921,Mohammad Anas Izwan Mohd Nazri (Izzy),https://play-lh.googleusercontent.com/a-/ALV-UjVdopHMreRPQIjx-epsYzwaTV8lB12ESAjxKl10bJowHFsGCXtw,no people match,2,0,15.7.1,2024-05-09 04:17:52,,,15.7.1
cc746bd9-0240-4393-b8e8-793e4a65bd95,Jesse Holden,https://play-lh.googleusercontent.com/a-/ALV-UjWlsurPQiJ9zlQsNGE9LAKveAO8M6Rd8LIcrx_t4hz3Dcpobtoe,This app is trash. Nothing but bots and fat chicks. Not worth the money one bit,1,0,15.7.1,2024-05-09 04:14:26,,,15.7.1
cfb83257-0d63-464a-908c-ab059687c19a,Ezcarnage She hulk,https://play-lh.googleusercontent.com/a/ACg8ocI5WCa_mOfyGvqkIHwhyh7zbS0loTX9XImKaLeHLVr7XesUwQ=mo,My tinder gold isn't working I've reinstalled many times,2,0,15.7.1,2024-05-09 04:02:29,,,15.7.1
f33eff8a-75fb-494a-b94f-23c9033f7221,Evelyn Chimpansha,https://play-lh.googleusercontent.com/a-/ALV-UjUFPP4joDKY8NEHthAdmZW0nLx2UG_Qrh4Vsbx_8uxftyps9e0,its good for now i can't complain,4,0,15.7.1,2024-05-09 03:53:49,,,15.7.1
8d004d93-9a3c-4305-9d19-38d3f997e45a,CeBe Bradley,https://play-lh.googleusercontent.com/a-/ALV-UjWNHBkCbLOyfr-clCahYln_GkJk240p1u5ZVgJZ3LK8nR2GKQdU,"Apparently Tinder doesn't support my phone number's carrier. Why does it work on every other app except for Tinder. I Can't even use Tinder because I cannot make my first Tinder account. I am 22. Why is a US Number not supported? Tell me what I did wrong. I yried everything, but Nothing works. This app is designed to prevent me... A Trans Woman And Human Being in Minneapolis, Minnesota, USA... from creating my account. I Hope it ain't because of Tinder Security being discriminatory",1,0,,2024-05-09 03:52:13,,,
6b56c55b-d6de-4f58-96bc-f1db96e08098,Katrina,https://play-lh.googleusercontent.com/a-/ALV-UjWh-D4BfxK3PtLQWMJH9ViPSTsUKuVhqFUb8NnL12H57jdcTk-TNA,Doesn't work says under review forever,1,0,15.7.1,2024-05-09 03:51:56,,,15.7.1
0231869f-e611-44e0-9699-2d83908e0f93,Jake Phillips,https://play-lh.googleusercontent.com/a-/ALV-UjVJo6SBSIwj8R54Ffo1ZMLtW6XeUEusfid1WiIvtNIye7UJpv4y,"Like most things, it's not as much fun if you're trans. You're more likely to get reported and banned as a catfish if youre trans (but you're also more likely to get catfished by cis people pretending they're trans! It's great)",1,0,,2024-05-09 03:48:40,,,
4aa91203-9a1a-44b9-b91e-9a8ba018ff89,Obaro Efetie,https://play-lh.googleusercontent.com/a/ACg8ocIO5df5_uycsiicn6YhlMLE1iVHloPW8sDCNcoylELP3UbP0g=mo,"very difficult to get a match although if you try harder you might get one, overall it's okay",5,0,15.7.1,2024-05-09 03:39:57,,,15.7.1
ac5ca4e7-13d0-493d-a9ef-22bf55ef6116,Akash Sharma,https://play-lh.googleusercontent.com/a-/ALV-UjVuvvN8g00-WedqmGbg4Pwt481XqOBUFCISjT-_c1fOI8M1-WQ,I cannot open my account it showing its under review after getting hold membership,1,0,15.7.1,2024-05-09 03:22:43,,,15.7.1
f2d5708a-4960-4be9-b8be-7612a365d375,Vikash Garg,https://play-lh.googleusercontent.com/a/ACg8ocKZiBMtVMWU6g2p2Mt2OMow334MmqVd4mPneJCUVTzDJw55Kw=mo,Great App,5,0,15.7.1,2024-05-09 03:17:56,,,15.7.1
ff744842-1bb2-4833-8f7d-39cffa7f6c71,Josephine Anaemejie,https://play-lh.googleusercontent.com/a-/ALV-UjXK4AENN815_b6IYc7vS_AtprwtS-2kUFO0Aq7pIaT2O3RiEh9-3w,Lovely,5,0,15.5.0,2024-05-09 03:15:08,,,15.5.0
f8c879a3-67dc-43a0-8e6c-9ca30e825d0b,Jordan B.,https://play-lh.googleusercontent.com/a-/ALV-UjVNRkQtDHaCi8YTfIXE6rFVZv5X4fVQaU825yEiTCKFiigYJ9kn,Useless app now adays. It's basically just a cash grab. If you don't pay it just tells you That x amount of girls swiped right and that you should pay. The limit for people you can swipe on is like 10 or 15/day now unless you pay. You really have no luck on this app unless you pay. No point unless your desperate enough to throw a bunch of money at it.,1,0,,2024-05-09 03:13:10,,,
34df95dc-6ded-4c77-ac08-2dd5c2274bca,Rachel Lund,https://play-lh.googleusercontent.com/a/ACg8ocLpP78yTRYjsOV5svQBiD3b2iKjrVWhffcZchGLF0jQ1GDPgw=mo,"Randomly got banned but hadn't even been on it in a month atleast. Lmao why don't u be productive and do something about the rapists, catfish, abusive POS mfers on here.. and maybe look into the felons who have murdered people or sexually assaulted dozens of ppl, including kids, andddd maybe look into the drug addicts and disease ridden individuals who rape people. Idiots.",1,1,15.7.1,2024-05-09 03:10:47,,,15.7.1
a6072915-02d2-4277-b47e-716570ed5aa0,Jay Cee,https://play-lh.googleusercontent.com/a-/ALV-UjWm1u1yCPIvVKqfNJdVC56d3L4udni3S83i7jPa2ZykrwfGAtI,"Pay for the app for one month, don't get a single like or match or anything. After subscription ends, likes and actual people I want to match with come up. Pay to play service. This app is not worth the money and is a total scam",1,1,15.7.1,2024-05-09 03:08:34,,,15.7.1
43fb7e86-3940-4cc0-a110-c3d36495bc15,Yakira Yakuza,https://play-lh.googleusercontent.com/a-/ALV-UjXCGXJHILw0n2nyIBbUjGgyU9cMtLQRWohXV-eyckMgCkImk2pZ,THEY WON'T LET ME DELETE MY ACCOUNT!,1,0,15.8.1,2024-05-09 03:04:09,,,15.8.1
542768fd-4cbe-4788-b9e8-1d1cfdf514fe,Ray Danger,https://play-lh.googleusercontent.com/a-/ALV-UjUbJ7CRUCjfR6LEGAN8v1596B3Kr47-0PQK1wEjB-k_V9Mnc1uy,"Tender has jumped on the fake dating app band wagon. Start a free account.. Get a bunch of likes, you don't ever see them in your feed ro have a chance to match. So, you pay for membership to see them, they are all 80-200 miles away so you don't match. Don't get another like until paid subscription runs out. As soon as it runs out.. get a bunch of likes.. repeat process. As log as you pay you don't get likes, the second your subscription is up, all the sudden you have likes. Scam...",1,1,15.7.1,2024-05-09 02:56:28,,,15.7.1
b5c864d1-1ecc-4819-b284-b25972e17439,David Elliott,https://play-lh.googleusercontent.com/a/ACg8ocLLrPxj2CQnU3z1SoLOugOjP3938B09P0mMPcUv6-bE3CD_RA=mo,"Nothing but fake profiles, scams, and bitcoin phishers. Waste of time.",1,0,11.11.0,2024-05-09 02:32:44,,,11.11.0
e3bd2046-6859-4166-9435-f6b9bbc93e0b,Anthony Scalise,https://play-lh.googleusercontent.com/a/ACg8ocKZDUsMtsgWygWagf3-6_lQMcsS1M8HHyCn6dmLXAo5HndoEAnL=mo,"Disabling discovery not persistent anymore. Will likely become another paid feature, just a matter of time. Also a laughable amount of bots everywhere.",1,0,15.7.1,2024-05-09 02:25:53,,,15.7.1
52591e3e-8c88-46f1-a1ed-d8e99a22139e,John,https://play-lh.googleusercontent.com/a/ACg8ocLn-sJNLH4SQ9vCCGvV_Xj1uL9aRRjVqQChjWSojToerPZhjQ=mo,"No, just no.",1,0,15.5.0,2024-05-09 02:16:21,,,15.5.0
96174656-aaf3-412a-b63a-93a00d6eda93,Christopher Sizer,https://play-lh.googleusercontent.com/a-/ALV-UjVNcBHQARqEo3-3I6RG18DFqsQfiAxRnv-Sa4zdAZmFL8le4hLv,My account was banned for no reason,2,1,15.7.1,2024-05-09 02:10:48,,,15.7.1
100166c4-ccfc-4314-92f0-705bd30acfab,I'mTHATguy5150,https://play-lh.googleusercontent.com/a/ACg8ocJIX7_z89N07Lzjn-Ep2Xu0v8Ts9lVB24as578oTWA6FI660yQ=mo,I got locked out of my account cause it wants me to verify my identity through replicating images of random people.,1,1,15.7.1,2024-05-09 02:02:03,,,15.7.1
40128a37-a57f-4c78-97d6-326328297f8d,Cielo Ignacio,https://play-lh.googleusercontent.com/a-/ALV-UjVjhyhr7U1Wit51X0r3NrafA3zWxcEQGeYmUq_lItZ2yGVwfi_v,They will shadowbanned u for nothing This app is for Clowns dont waste ur time on this stupid app,1,2,,2024-05-09 01:59:42,,,
988983bd-0738-49a9-84ac-90182a400c3e,Á≤•È±º,https://play-lh.googleusercontent.com/a-/ALV-UjX9VhTra3nRWp_Gxu-7iettSP2hgY_AnS3CM-G2xrxDlKypM9HI,"..... , My account was banned a week after my next registration, and the way it was ban was also unforgettable. very bad feeling",1,2,15.7.1,2024-05-09 01:45:16,,,15.7.1
6245cde1-760c-4e03-82a3-e49abf5c7a5f,Skelejoker,https://play-lh.googleusercontent.com/a/ACg8ocL7RgvyX9nn_zJQko-aVGsn69KM6Z1HZXJ-qDjp9PE-oCVHBQ=mo,"App was working, it signed me out made me sign back in, made me verify who I was and after verification worked for a few swipes and got stuck at my account was in review.",1,0,15.8.1,2024-05-09 01:37:51,,,15.8.1
d063c3b6-76e5-44f2-84c2-76e12b3ecf16,Jvv,https://play-lh.googleusercontent.com/a/ACg8ocLr79zEOJVjaI8rNGZx2Ovu6lrJccyIQBhAeCPwlnQ7XNlSzQ=mo,"This is sooo useless in matching. It never connect with people but asks money on different levels. I've been login with notifications on, took platinum for a month. Do the people never swipe right on my pic or this matchmaking is sucks. I would rather use instagram, junmping minds, boo than this useless app only asks money but never serve to connect with people.",1,0,,2024-05-09 01:34:55,,,
56deeb8e-0e1d-443b-a9b4-a71a2bbb9045,Eric Griffin,https://play-lh.googleusercontent.com/a/ACg8ocLuv9A4t7RJa1mLIeZRq4rf8zRXHQuW0WYDY5qOG_vPKvtSnA=mo,I haven't met anyone yet.,2,0,15.7.1,2024-05-09 01:34:52,,,15.7.1
33f82212-d9e4-4bdb-a553-6345c4c87bc4,Felipe Freitas,https://play-lh.googleusercontent.com/a-/ALV-UjV9BJlaW8StIrVUNIlSgr2OyFj1SiS6mgC5prDWGtdHVuqLjbI,"Lixo. Se vc paga, as propagandas continuam. ""Vc tem xx likes"" e na √°rea de curtir ou n√£o aparece ""n√£o h√° mais ningu√©m perto de vc""....",1,0,15.7.1,2024-05-09 01:30:55,,,15.7.1
529deb14-33f5-40d8-8daa-e8b27799086e,Sean Smith,https://play-lh.googleusercontent.com/a-/ALV-UjUYt8MgsxsEG7FhIkqwbJswbXHhQooioaFfiMb8iV_iPPmEZp8Q,Cash grab preying on introverted singles.,1,0,15.7.1,2024-05-09 00:59:54,,,15.7.1
a210b67a-e9ea-4508-abe0-4378d31b3bcd,John Amati,https://play-lh.googleusercontent.com/a/ACg8ocLXBFng6UsSjjQf4lAcD0lnwAN8p1A8-4JYYwP5AV1l2XWz8A=mo,it ight,5,0,15.7.1,2024-05-09 00:53:18,,,15.7.1
d4c15b2a-d633-4d3e-915e-472667bd43af,Esther Kwamboka,https://play-lh.googleusercontent.com/a-/ALV-UjWJwA4eMRUwxdl1GIe0dUkgQ9vmjgdX1IsSujTmu9Jvu5w2DA,love this app its helping me out in my dating life,5,0,15.7.1,2024-05-09 00:50:13,,,15.7.1
f2786731-d34c-47bb-8321-f2d47aefc4c5,Nick Irish,https://play-lh.googleusercontent.com/a/ACg8ocK_gKrZQ-scXpsS_B4tkDHlMEg9S9a32ZtntPEHLf1mY8fbAA=mo,App is trash you can find better,1,1,15.7.1,2024-05-09 00:48:10,,,15.7.1
a3542adc-843c-4b8a-8aef-877b40965f74,Mike Fisher,https://play-lh.googleusercontent.com/a/ACg8ocL6jgK3vAlFiL8E3qPgKCmsxV5yDfWYdZLuVV3EBCLfxwOv6A=mo,It's mostly fake. Don't wast your money!!!,1,0,15.7.1,2024-05-09 00:40:56,,,15.7.1
e81f32a3-f2f5-4be2-afc9-6d618baac3f2,Ricardo Vaz,https://play-lh.googleusercontent.com/a-/ALV-UjWXRJGzHw05nhvCj_gk4yCx_WHuyN3Oo86HObVPHB089hL90z3h,"My account does not load any profiles, does not send any messages and i cannot access this so called ""appeal center"" for nothing. I payed for the plus subcription. The cusyomer service on this app is a joke. I need my money back now.",1,75,15.7.1,2024-05-09 00:28:43,,,15.7.1
53789055-fa84-45a6-b1f0-1b739bfaec74,Hepheat75,https://play-lh.googleusercontent.com/a-/ALV-UjXkzsdHlKBIzBr4PDKSV24bxKEmh3ZsDPD7lcmUEJ3E2HLBN0E,"Being forced to pay for likes and to see who liked you is the definition of a scam. Thanks developers, I hate it.",1,0,15.7.1,2024-05-09 00:28:21,,,15.7.1
396b2436-3bf5-4091-bdc8-341e34070e46,Rmvazque,https://play-lh.googleusercontent.com/a/ACg8ocJfKc4Y2yHKd6XnjT_WB6cI6nJsjRFfUpk8m-RPe7duzvKLmw=mo,"Not good üòê I did not meet anyone in person for friends or dating. I got 220 likes too. Texting was slow back and forth, not going anywhere. There's many fake persons and automated bots üôÑ",1,0,15.7.1,2024-05-09 00:21:27,,,15.7.1
cabf6000-9ba5-47e9-9c67-81d50d30bb4c,Stop Acting Like An Idiot,https://play-lh.googleusercontent.com/a-/ALV-UjX2lXyXQyyiIog4xiGrTz5jXXV6vdgbt_T28vLVYdTmiqlFV_Y,Pricing for the premium version is atrocious.,1,0,,2024-05-09 00:18:13,,,
67c8f835-9cae-4cc6-ae37-9af9a88c815f,Zach Thompson,https://play-lh.googleusercontent.com/a/ACg8ocLSwaJ7bvfDB8JLeotu9RYcjT7yNJ9-wBwYphwWDmUkzQW0v_E=mo,"READ THE REVIEWS, THEY ALL SAY THIS. I was locked out of my account, and can't delete it because its perpetually stuck under review. No response from support or refund on tinder gold (supposed to have 14 day money back guarantee).",1,1,15.7.1,2024-05-09 00:11:52,,,15.7.1
b096beda-a312-4d94-ba9b-810af5f725be,Juan Vasquez,https://play-lh.googleusercontent.com/a/ACg8ocItn7dNzWWNPglRA-BJbvQi-S8KrQFoRbuHyIfoByNilfytxg=mo,Bad,1,0,15.7.1,2024-05-09 00:11:01,,,15.7.1
d9e55ce5-35b1-466b-84d8-798ad6e3e06a,Duy T√≠n ƒê√†o,https://play-lh.googleusercontent.com/a-/ALV-UjWnLxyFzgf_gNRDG3P4uWBnY-YUSYMjZIFVNnFRKPLDxV-gZHg4BA,"Wth, only chat with 1 person for 2 weeks, do nothing else and is under review??? Gg shows that I got might get reported for suspicious activities???? Is that how tinder works, many bots up there and a real person being put under review.",1,0,15.7.1,2024-05-09 00:09:10,,,15.7.1
bcb24346-ad16-48a9-ab30-b59daa68414e,Cody Caron,https://play-lh.googleusercontent.com/a/ACg8ocIINfb81jQA0hJGCPg1Ehma8zFMqqj3k5vy-ORf6x0NSjrF_Q=mo,Lmao It's a joke,1,0,15.7.1,2024-05-08 23:57:13,,,15.7.1
43287be7-68db-4bb0-9d7d-366ffcb01985,No Name,https://play-lh.googleusercontent.com/a-/ALV-UjWZlFvtKG5ry3jE6Pucn7cvbY4e0ETtAhhkVtEenkkUKHX3w_09,it's as good as other dating sites lol,5,0,15.7.1,2024-05-08 23:30:16,,,15.7.1
af100507-c05a-4ee8-a36e-4598534d90e1,Akshat Jain,https://play-lh.googleusercontent.com/a-/ALV-UjVlXflup7tscZoosPNtGK-QrlovisKGun18XwjiTYdnawhXzAw,"I verified my profile and then for some reason I can't view the profiles of my matches. I don't know if it is a bug or my profile is being verified for the last 3 days. Other than that, the profiles are good, at least the ones which are not fake.",3,0,15.7.1,2024-05-08 22:54:12,,,15.7.1
7b340511-dbef-4b7d-ba92-881dc0d6b7d0,Joshua Costa,https://play-lh.googleusercontent.com/a-/ALV-UjWkam9h3OYu-sBgu3Sya-Py2PWBiq9wa7O2x5ysK9uVQNyIX-Zv,"They steal your money first, them ban your account without giving you a explanation. Horrible customer service.",1,0,15.7.1,2024-05-08 22:32:22,,,15.7.1
ed10b96e-67a3-4968-8427-ca80efc4d563,David W. ‚ÄúHermit‚Äù Napier,https://play-lh.googleusercontent.com/a-/ALV-UjUbuGhg17LCFaghsBvZjYG9lwX_uQ6NQnvBeLt7bogEAN0VGZWo,"Not worth the time or effort, too many people wanting you to send them money, in my opinion it's nothing more than a prostitution dating app.",1,0,,2024-05-08 22:30:25,,,
6d6d85f5-133a-43a6-af08-33c39c57aad0,Raj Bandhan,https://play-lh.googleusercontent.com/a-/ALV-UjU2YL8JSdc2LITMAEF2l0Pk1wkrPuLX_mKgcXepjCCDKezruhvI8g,Subscription not working,1,0,15.7.1,2024-05-08 22:29:35,,,15.7.1
0099bbef-5492-409d-8137-eadd0e3b37d5,Dylan Beck,https://play-lh.googleusercontent.com/a-/ALV-UjXQrT5eMmia9LAW84sntILPTNRMhS-le1rmyPqRfsb66db-6seV2Q,"It used to only send ads asking you to open the app, now it just sends fake match notifications",1,0,14.22.1,2024-05-08 22:27:12,,,14.22.1
54c1f206-37b8-4c61-80cd-dbd86ca9364d,Adam Walker,https://play-lh.googleusercontent.com/a-/ALV-UjUTUhdLpd79B-ESrxWLI9NZmUVg7_hA8JQF2ynXtyoAJjb3wRMtzw,This app sucks. Everything is pay walled and micro transaction based. they have attractiveness priority.,1,0,,2024-05-08 22:24:28,,,
f5d54f0c-bd26-4ce3-9ec7-e4036c41624d,Kelly Scoles,https://play-lh.googleusercontent.com/a-/ALV-UjXyCz2I5-wbTjcVDweWL4DadPCqPM-f7ucpiIVbQ7Pmwep2aSbr,"It doesn't work I literally match with 1-2 people a week I'm good looking , successful,kind with a ripped body. Years ago it use to work but not anymore . I thought apps got better not worse",1,0,15.7.1,2024-05-08 22:24:10,,,15.7.1
ca6dd340-fb8a-41d7-9a41-c0961aa45b4c,Joejairo Brice√±o,https://play-lh.googleusercontent.com/a-/ALV-UjUUoz8sJYcjKy26Z2hHf-gO8rUO8MZ3GEvxunfweQT17wDQLZEl,"Full of Toxic, picky, and egotistical people.",1,1,,2024-05-08 22:18:53,,,
6528b5bf-c9b1-4aca-b55b-6eb985cea672,N,https://play-lh.googleusercontent.com/a/ACg8ocLXiYY6K0ZB7BUbyUeY_TCJYui6qaOfJM6Kc_AkNAe9V2PCEg=mo,"Terrible bugs in the app, cant load my matches, messages are not being sent, I get asked to verify I am not a robot multiple times, despite already being verified with blue checkmark. Clicking on matched profiles doesnt load them, it minimizes them and suggest I block the matched person, I have no idea how can this all.be happening, abaolutely terrible product experience. Loosing on few very cool people I matched with recently, extremely frustrating.",1,0,15.7.1,2024-05-08 22:18:47,,,15.7.1
9fc96177-58fb-49b7-8dd2-946c0128a246,grant glockner,https://play-lh.googleusercontent.com/a-/ALV-UjVhutD5g0up0hmYfnb-Di8IGwvhiix01Ze6QPF_L8m_58XKj60-,Tinder stole $40 dollars from me. I had to delete the app. Two times I was charged for tinder gold! I never bought anything. I don't even use the app. Tinder if your listing I'd like a refund before I try to find a class action lawsuit.,1,1,,2024-05-08 22:12:54,,,
cd955dfe-37ef-40ed-a4f0-0e461f16d878,William Gilliam,https://play-lh.googleusercontent.com/a-/ALV-UjU0eJM5h8odAWPrwGdTZkU9LoUPqRva2kpCDSSC8Cv0qpaWE9C7,I had to deal with bots and accounts promoting off app sites just to get locked out of my account because they think I'm a bot.,1,0,15.7.1,2024-05-08 21:59:54,,,15.7.1
6e21f69e-904d-4cd0-b72c-39879c76f82a,Niili Polvi,https://play-lh.googleusercontent.com/a-/ALV-UjXJ4A9hFoSb6kDOKRV_z4_Dy4iAOUvWuxhfucFUVP2HRR5Cb9I,Used to be alright but now there are too many fake accounts. Also while the paid version does let you see who liked you: you'll drown in people who swipe right on every single profile. If you match those people it's pretty likely they'll just unmatch you. So the paid version is pretty meaningless.,2,0,15.7.1,2024-05-08 21:57:28,,,15.7.1
b0de847b-97fe-467a-baa3-f0a18e5b0e9b,bhekumdeni jacob mathe,https://play-lh.googleusercontent.com/a/ACg8ocIQM9frFAQdR8yJKx8DdpRHCYc_6DIPXxHd0Ia6L_iPR7bs8g=mo,not nice my account it's been review for 2 days now even though I took the pictures they needed...it has become boring hey ...,1,0,,2024-05-08 21:57:02,,,
8944b10f-abd0-4531-b55c-1ed6bddf17d2,Echo Bramlett,https://play-lh.googleusercontent.com/a-/ALV-UjU6hs4NHt3fKwNdg1KZD2SNKh84l69Valoh0f24WEv6vbe94T3Q,horrible,5,0,15.7.1,2024-05-08 21:55:18,,,15.7.1
ffedcd1b-8cc4-4d65-961a-e8c3bbe62ac3,Landen Reynolds,https://play-lh.googleusercontent.com/a/ACg8ocI-JUEPSlrVHbgdrj3XZ_E7Ljnk84EZLVZtbY-ilC5gr2vCxw=mo,üòê,1,0,15.7.1,2024-05-08 21:51:10,,,15.7.1
d4642275-bd5c-4253-a799-e46f4c32def3,Bashir Adam,https://play-lh.googleusercontent.com/a/ACg8ocLMcTMDt-LENcg1MIE7zm6Md5YfMeZDG7ijh2-cMmacqVEwzCQ=mo,excellent thank you,5,0,15.7.1,2024-05-08 21:43:49,,,15.7.1
5f6f1c14-19f9-4433-8308-8dee49af631b,Katina Bright,https://play-lh.googleusercontent.com/a-/ALV-UjVDxHW7mn9vZLy80c5gtJ59s7Sh_LywZh3HkZkS_cciUVra6lTf,"Tinder was easy to use, but now that I just got BANNED on Tinder and attempted to file an appeal, you only received 'your account is under review' and an automated email requesting you to file an appeal üôÉ. Which I did already. I can't get in contact with Tinder over this. I had already paid the subscription, so instead of using your services, let me have a refund within 14 days based on your policy. And I cannot even get that back.",1,1,15.7.1,2024-05-08 21:42:48,,,15.7.1
fe0c2454-6510-4aff-add5-47c67536252a,Bryan H,https://play-lh.googleusercontent.com/a/ACg8ocIm0HHldNU2jai1wmZukryJKvn-Ip21GLfebxqIF7MOmRR35Q=mo,"I find it funny how I don't get any likes while I have a gold account but as soon as my subscription ends, I'm flooded with likes. Almost as if the algorithm hides gold members, but promotes basic accounts, all to encourage buying gold. Not to mention, due to verification, we can now see the the real pics of scammers, and the number of them is appalling. This app is nothing but a scam.",1,8,15.7.1,2024-05-08 21:42:30,,,15.7.1
8ba8b057-29de-4f5d-bf8d-ba0cf7a51ad9,DARREN SCHWEITZER,https://play-lh.googleusercontent.com/a-/ALV-UjUakOL3PTwMg7Fm60EiU9cBiqtj3BxG1dNxiQQ0mQhL-J5yq-eJ,Worked for a couple days then had me verify I was me and have been stuck on this screen saying it's verifying me for a day now wish I could upload a picture to show it,1,0,15.7.1,2024-05-08 21:31:47,,,15.7.1
ac821662-4f04-47a6-9379-40eaaca7881f,Sam S,https://play-lh.googleusercontent.com/a-/ALV-UjV6jzNewmdkExCR-24V-1aAF30qTXwAbR1hSBwlTMCVlxNalmkX,"I think I'll be contacting the ACCC. I bought tinder gold to use a couple features, see who liked me and get more specific on what I'm looking for. Matched with a few people, update my profile a little and the app put my account under review for 12 hours now. Nothing inappropriate on my account, haven't even messaged people I've matched with yet. So really, there is no reason for a review other than to waste my time with the enhanced features I paid for. I suspect dishonest business practices.",1,109,15.7.1,2024-05-08 21:16:07,,,15.7.1
c0fd8dba-8d89-49e2-9e32-edbe54f6234e,Mbulelo Mgcira,https://play-lh.googleusercontent.com/a-/ALV-UjWDCgwtLldC0rQaS_DD7JL-r4JHNbNT7xfZNQiXalUbUcDVYQdz,My profile has been on review for a While now,1,0,15.7.1,2024-05-08 21:15:44,,,15.7.1
44b3d9de-dffa-4531-a84e-8efe1cb7935b,dylan olexa,https://play-lh.googleusercontent.com/a/ACg8ocILNANT79tdooY4zVXiMGgnWTXYvy1bFq_xo33JaKk9gpV4nw=mo,Trash 95% of the profiles are bots,1,0,15.7.1,2024-05-08 20:49:19,,,15.7.1
2446069a-1ae7-4363-9110-7884338e6d26,Alexander Kuhn,https://play-lh.googleusercontent.com/a/ACg8ocJBBwqWI5DH10BDjA_htYUPm3kM6Nxs94Sf16rsNXwAtyd-0g=mo,I'm getting matches where I wasn't 6 months ago,5,0,15.7.1,2024-05-08 20:47:07,,,15.7.1
c960c6d2-9096-4359-a0f7-b1a69af34507,Matthew Ha,https://play-lh.googleusercontent.com/a-/ALV-UjV1d3kN7SHSe3wI_9BrRXAOGK6WO3NfifmQmaASY499vSX0gkw,Least return for the money of all the dating apps out there. This app is horrible. I get more matches on Bumble and Hinge by far. The lack of being able to filter on this app has and always will be a problem and will be the reason why this will always remain a casual hookup oriented app even though it has the largest user base and most potential for people who want to use it for more serious dating.,1,0,15.7.1,2024-05-08 20:44:49,,,15.7.1
ee48a989-d48a-4bdf-ba9d-749fa44fcab5,An Nguyen,https://play-lh.googleusercontent.com/a/ACg8ocKv-dyZPO2syLrIoUsEtRbv_SwgCvj-h6pAnfT1VdFGQIMyXA=mo,"I've used this app before when there was that shadow banning controversy. I tried it again just to see if anything improved. Unfortunately, quite the opposite with the app limiting like swipes. Also it aggressively tries to sell you premium by faking ""likes"" and hiding them behind a pay wall. It's a very scummy business practice on their part.",1,1,15.7.1,2024-05-08 20:37:42,,,15.7.1
d2411a34-25ee-440e-a371-c463effcf071,Jude Nelson,https://play-lh.googleusercontent.com/a-/ALV-UjW9szPjdfKvHMz9L5gj899We6xscGjpa8OBaon-OWW-g6hGsNGIxg,"I've tried a few dating app and usually run into bots, scammers, ghost, or porn links pretending to be matches but I don't tend to run into those problems with tinder as much so it's okay but still needs work. Closer to a 3.5 but I'll be kind. But the cost is the worst part. They try to get you to pay fro absolutely everything they can.",4,0,13.1.0,2024-05-08 20:35:51,,,13.1.0
33c8e1b5-947a-4c1e-bfa9-a9e6a35894b1,Faisal Mohamed,https://play-lh.googleusercontent.com/a/ACg8ocKMBmtwRAwOzsrPck7WjsbqFbwXKE8x3kX0HRkQW961yS-MqQ=mo,Not showing any person. Very disappointed. If you have tinder platinum also very less hop.,1,0,15.7.1,2024-05-08 20:26:44,,,15.7.1
72e10a67-11a2-4ce6-883a-ed1e5ed3b189,Trefor Roberts,https://play-lh.googleusercontent.com/a/ACg8ocKWmuKnNkIuiLZGesWaWnbGKQg0r5vjGZReTezPcwmuM3IFsA=mo,"more depressing then useful. bad at helping you get dates, good at making you feel terrible about yourself",1,1,15.7.1,2024-05-08 20:26:30,,,15.7.1
0a924359-ccb7-425a-ae8b-24426cfe61e8,Fabian Gobet (MettaZen),https://play-lh.googleusercontent.com/a-/ALV-UjVFUkhhSm5r5p6CXTYa7A-86B-c3L1sp4J-ozCT8AAJHCCDLB0X,"What a scam. You start by getting people liking you, then buy a subscription to get more likes, and people immediatly stop liking you so now you need to buy boosts to be seen... its a scam to lure you to spend more and more money.",1,0,15.7.1,2024-05-08 20:21:13,,,15.7.1
d46eef69-f019-4bf5-b0d1-7df11ac286f0,Rho Fhe,https://play-lh.googleusercontent.com/a-/ALV-UjU9rpQGsqNujcQMJJyvXCXVi-zb0bmDNz0dMCE6bzwJvMYptM0u,"The algorithim of tinder is EXTREMELY BIAS. SEE FOR YOURSELF. I USE FOUR DATING APPS ACROSS FOUR DIFFERENT DEVICES. THIS HAS LONG BE RESEARCHED BY SOO MANY PEOPLE TOWARDS ESPECIALLY THEM ON THESE PREJUDICE PRACTICES. I ENCOURAGE YOU TO DOWNLOAD, BUT MONITOR FOR YOURSELF.",1,6,15.7.1,2024-05-08 20:20:15,,,15.7.1
1a3648fc-0344-4a58-bade-82794d3944ab,Its me Lulu,https://play-lh.googleusercontent.com/a-/ALV-UjU6zG1csv3AYJRosoLqbISsqSi9snf4bg3_hRw3FQOfFrzvgF4,Asking for location continuesly even after giving permission,1,0,,2024-05-08 20:13:56,,,
14a3c3d0-8067-4732-b2ce-f1f322061398,mumfi Mulla,https://play-lh.googleusercontent.com/a-/ALV-UjXFkp4VfED0tvQE3SKA5sp_nY1b5H1RmaLowZhLaeJlnQXuFk35,ÿ±ŸáŸäÿ®,5,0,15.7.1,2024-05-08 20:08:51,,,15.7.1
4f0b10c1-935e-49db-be68-ce35773556f2,Aman Sisodiya,https://play-lh.googleusercontent.com/a/ACg8ocIFfKSytV4VS0JO0t03_u7ZKaiWdunu7JH-BzBQ8C1VJSZMhQ=mo,gud,5,0,15.7.1,2024-05-08 20:05:22,,,15.7.1
62324d58-3a65-4978-8683-7efc141c5bc9,Micheal Drolet,https://play-lh.googleusercontent.com/a/ACg8ocKdFXmYCaIse7IdTUDPaY9Pj4ITZziMyAWbmcwiztPieOLNyg=mo,"DO NOT USE, WASTE OF MONEY, NEVER GIVE PEOPLE IN YOUR LOCATION AND WHEN YOU CANCEL YOUR SUBSCRIPTION THEY KEEP TAKING MONEY FROM YOUR ACCOUNT. WHEN YOU TRY TO CONTACT THEM THEY DON'T RESPOND TO EMAILS OR ANYTHING, WHEN YOU TRY TO CONTACT THEM THROUGH THE PHONE NUMBER THAT'S LISTED IT'S A FAX NUMBER AND DOESN'T GET ANSWERED. DON'T WASTE YOUR MONEY.!!",1,0,,2024-05-08 19:58:35,,,
